{"_id":{"$oid":"5a1e175d6a695b750c367d63"},"score":0.018831667947732517,"doc_id":1}
{"_id":{"$oid":"5a1e175d6a695b750c367d64"},"score":0.018906020558002938,"doc_id":708}
{"_id":{"$oid":"5a1e175d6a695b750c367d65"},"score":0.018750000000000003,"doc_id":168}
{"_id":{"$oid":"5a1e175d6a695b750c367d66"},"score":0.019582245430809404,"doc_id":777}
{"_id":{"$oid":"5a1e175d6a695b750c367d67"},"score":0.01903898458748867,"doc_id":810}
{"_id":{"$oid":"5a1e175d6a695b750c367d68"},"score":0.018800732134330738,"doc_id":242}
{"_id":{"$oid":"5a1e175d6a695b750c367d69"},"score":0.018750000000000003,"doc_id":788}
{"_id":{"$oid":"5a1e175d6a695b750c367d6a"},"score":0.018799472295514513,"doc_id":501}
